name,section,bypassed_by,crack_status,crack_status_desc,cracked,cracked_by,denuvo_assumption,denuvo_assumption_desc,drm_protection,hypervisor_available,normalized_name,release,released,store_exclusive,store_id,store_link
Scott Pilgrim vs. The World: The Game,cracked_denuvo_games_(2021-present),,fully_cracked,latest update is cracked with all the DLC's,2025-12-06T00:00:00Z,voices38,False,Confirmed,Uplay/Ubisoft Connect,False,scottpilgrimvstheworldthegame,,2021-01-14T00:00:00Z,,2215260,https://store.steampowered.com/app/2215260
Persona 5 Strikers (HV),cracked_denuvo_games_(2021-present),,missing_updates,"all DLC's are cracked, but the latest patch is uncracked",2021-02-19T00:00:00Z,whiteee,False,Confirmed,,False,persona5strikershv,,2021-02-23T00:00:00Z,,1382330,https://store.steampowered.com/app/1382330
Megasuki: Love Through Lenses with Ayumu Sakura,cracked_denuvo_games_(2021-present),,fully_cracked,latest update is cracked with all the DLC's,2021-04-01T00:00:00Z,sst311212,False,Confirmed,,False,megasukilovethroughlenseswithayumusakura,,2021-03-19T00:00:00Z,,,https://vndb.org/v28260
Evil Genius 2: World Domination,cracked_denuvo_games_(2021-present),,fully_cracked,latest update is cracked with all the DLC's,2022-06-16T00:00:00Z,EMPRESS,False,Confirmed,,False,evilgenius2worlddomination,,2021-03-30T00:00:00Z,,700600,https://store.steampowered.com/app/700600
Shin Megami Tensei III: Nocturne HD Remaster (HV),cracked_denuvo_games_(2021-present),,fully_cracked,latest update is cracked with all the DLC's,2025-11-24T00:00:00Z,voices38,False,Confirmed,,False,shinmegamitenseiiiinocturnehdremasterhv,,2021-05-25T00:00:00Z,,1413480,https://store.steampowered.com/app/1413480/
F1 2021,cracked_denuvo_games_(2021-present),,fully_cracked,latest update is cracked with all the DLC's,2025-12-15T00:00:00Z,voices38,False,Confirmed,,False,f12021,,2021-07-16T00:00:00Z,,1134570,https://store.steampowered.com/app/1134570/
Sonic Colors Ultimate,cracked_denuvo_games_(2021-present),,fully_cracked,latest update is cracked with all the DLC's,2025-12-27T00:00:00Z,voices38,False,Confirmed,,False,soniccolorsultimate,,2021-09-07T00:00:00Z,,2055290,https://store.steampowered.com/app/2055290
Deathloop (HV),cracked_denuvo_games_(2021-present),,missing_updates,"all DLC's are cracked, but the latest patch is uncracked",2022-04-08T00:00:00Z,EMPRESS,False,Confirmed,,False,deathloophv,,2021-09-14T00:00:00Z,,1252330,https://store.steampowered.com/app/1252330/
FIFA 22,cracked_denuvo_games_(2021-present),,fully_cracked,latest update is cracked with all the DLC's,2025-12-31T00:00:00Z,voices38,False,Confirmed,,False,fifa22,,2021-10-02T00:00:00Z,,1506830,https://store.steampowered.com/app/1506830
Far Cry 6 (HV),cracked_denuvo_games_(2021-present),,missing_dlc,the latest DLC or multiple ones are uncracked,2022-06-02T00:00:00Z,EMPRESS,False,Confirmed,Uplay/Ubisoft Connect,False,farcry6hv,,2021-10-07T00:00:00Z,,2369390,https://store.steampowered.com/agecheck/app/2369390/
Marvel's Guardians of the Galaxy,cracked_denuvo_games_(2021-present),,fully_cracked,latest update is cracked with all the DLC's,2022-06-30T00:00:00Z,EMPRESS,False,Confirmed,,False,marvelsguardiansofthegalaxy,,2021-10-26T00:00:00Z,,1088850,https://store.steampowered.com/app/1088850
Jurassic World Evolution 2 (HV),cracked_denuvo_games_(2021-present),,missing_dlc,the latest DLC or multiple ones are uncracked,2022-03-08T00:00:00Z,machine4578,False,Confirmed,,False,jurassicworldevolution2hv,,2021-11-09T00:00:00Z,,1244460,https://store.steampowered.com/app/1244460
F1 2022,cracked_denuvo_games_(2021-present),,missing_updates,"all DLC's are cracked, but the latest patch is uncracked",2022-07-08T00:00:00Z,"sam2k8, Razor1911",False,Confirmed,,False,f12022,,2022-07-01T00:00:00Z,,1692250,https://store.steampowered.com/app/1692250
Judgment (HV),cracked_denuvo_games_(2021-present),,fully_cracked,latest update is cracked with all the DLC's,2023-08-14T00:00:00Z,EMPRESS,False,Confirmed,,False,judgmenthv,,2022-09-14T00:00:00Z,,2058180,https://store.steampowered.com/app/2058180
FIFA 23,cracked_denuvo_games_(2021-present),,fully_cracked,latest update is cracked with all the DLC's,2023-08-22T00:00:00Z,MKDEV,False,Confirmed,,False,fifa23,,2022-10-01T00:00:00Z,,1811260,https://store.steampowered.com/app/1811260
Persona 5 Royal (HV),cracked_denuvo_games_(2021-present),,missing_updates,"all DLC's are cracked, but the latest patch is uncracked",2025-12-14T00:00:00Z,MKDEV,False,Confirmed,,False,persona5royalhv,,2022-10-21T00:00:00Z,,1687950,https://store.steampowered.com/app/1687950
Football Manager 2023,cracked_denuvo_games_(2021-present),,missing_updates,"all DLC's are cracked, but the latest patch is uncracked",2023-02-18T00:00:00Z,MKDEV,False,Confirmed,,False,footballmanager2023,,2022-11-08T00:00:00Z,,1904540,https://store.steampowered.com/app/1904540
Sonic Frontiers,cracked_denuvo_games_(2021-present),,fully_cracked,latest update is cracked with all the DLC's,2026-01-28T00:00:00Z,voices38,False,Confirmed,,False,sonicfrontiers,,2022-11-08T00:00:00Z,,1237320,https://store.steampowered.com/app/1237320
Dead Space Remake (HV),cracked_denuvo_games_(2021-present),,fully_cracked,latest update is cracked with all the DLC's,2026-01-11T00:00:00Z,voices38,False,Confirmed,,False,deadspaceremakehv,,2023-01-27T00:00:00Z,,1693980,https://store.steampowered.com/app/1693980
Hogwarts Legacy,cracked_denuvo_games_(2021-present),,fully_cracked,latest update is cracked with all the DLC's,2023-02-23T00:00:00Z,"EMPRESS, voices38",False,Confirmed,,False,hogwartslegacy,,2023-02-10T00:00:00Z,,990080,https://store.steampowered.com/app/990080
Wild Hearts (HV),cracked_denuvo_games_(2021-present),,missing_updates,"all DLC's are cracked, but the latest patch is uncracked",2023-03-27T00:00:00Z,"Anadius, RUNE",False,Confirmed,,False,wildheartshv,,2023-02-16T00:00:00Z,,1938010,https://store.steampowered.com/app/1938010
Atomic Heart,cracked_denuvo_games_(2021-present),,fully_cracked,latest update is cracked with all the DLC's,2023-02-18T00:00:00Z,"MrLemon, voices38",False,Confirmed,,False,atomicheart,,2023-02-21T00:00:00Z,,668580,https://store.steampowered.com/app/668580
Etrian Odyssey HD,cracked_denuvo_games_(2021-present),,missing_updates,"all DLC's are cracked, but the latest patch is uncracked",2023-06-01T00:00:00Z,CHRONOS,False,Confirmed,,False,etrianodysseyhd,,2023-06-01T00:00:00Z,,1868180,https://store.steampowered.com/app/1868180
Etrian Odyssey II HD,cracked_denuvo_games_(2021-present),,missing_updates,"all DLC's are cracked, but the latest patch is uncracked",2023-06-01T00:00:00Z,CHRONOS,False,Confirmed,,False,etrianodysseyiihd,,2023-06-01T00:00:00Z,,1868170,https://store.steampowered.com/app/1868170
Etrian Odyssey III HD,cracked_denuvo_games_(2021-present),,missing_updates,"all DLC's are cracked, but the latest patch is uncracked",2023-06-01T00:00:00Z,CHRONOS,False,Confirmed,,False,etrianodysseyiiihd,,2023-06-01T00:00:00Z,,1810820,https://store.steampowered.com/app/1810820
Assassins Creed Mirage (HV),cracked_denuvo_games_(2021-present),,fully_cracked,latest update is cracked with all the DLC's,2024-11-15T00:00:00Z,"Anonymous user, voices38",False,Confirmed,Uplay/Ubisoft Connect,False,assassinscreedmiragehv,,2023-10-05T00:00:00Z,,3035570,https://store.steampowered.com/app/3035570
Dragon's Dogma 2 (HV),cracked_denuvo_games_(2021-present),,missing_updates,"all DLC's are cracked, but the latest patch is uncracked",2024-11-16T00:00:00Z,rain0x06,False,Confirmed,,False,dragonsdogma2hv,,2024-03-22T00:00:00Z,,2054970,https://store.steampowered.com/app/2054970
Black Myth Wukong,cracked_denuvo_games_(2021-present),,fully_cracked,latest update is cracked with all the DLC's,2026-04-27T00:00:00Z,voices38,False,Confirmed,,False,blackmythwukong,,2024-08-20T00:00:00Z,,2358720,https://store.steampowered.com/app/2358720
City Transport Simulator,cracked_denuvo_games_(2021-present),,fully_cracked,latest update is cracked with all the DLC's,2025-12-16T00:00:00Z,RUNE,False,Confirmed,,False,citytransportsimulator,,2025-01-28T00:00:00Z,,2604480,https://store.steampowered.com/app/2604480
Assassins Creed Shadows,cracked_denuvo_games_(2021-present),,fully_cracked,latest update is cracked with all the DLC's,2026-07-17T00:00:00Z,voices38,False,Confirmed,Uplay/Ubisoft Connect,False,assassinscreedshadows,,2025-03-20T00:00:00Z,,3159330,https://store.steampowered.com/app/3159330
The First Berserker: Khazan,cracked_denuvo_games_(2021-present),,fully_cracked,latest update is cracked with all the DLC's,2026-07-24T00:00:00Z,voices38,False,Confirmed,,False,thefirstberserkerkhazan,,2025-03-27T00:00:00Z,,2680010,https://store.steampowered.com/app/2680010
Stellar Blade,cracked_denuvo_games_(2021-present),,fully_cracked,latest update is cracked with all the DLC's,2026-05-08T00:00:00Z,voices38,False,Confirmed,,False,stellarblade,,2025-06-11T00:00:00Z,,3489700,https://store.steampowered.com/agecheck/app/3489700/
Mafia: The Old Country,cracked_denuvo_games_(2021-present),,fully_cracked,latest update is cracked with all the DLC's,2026-05-22T00:00:00Z,voices38,False,Confirmed,,False,mafiatheoldcountry,,2025-08-08T00:00:00Z,,1941540,https://store.steampowered.com/app/1941540
Resident Evil Requiem (HV),cracked_denuvo_games_(2021-present),,missing_dlc,the latest DLC or multiple ones are uncracked,2026-04-09T00:00:00Z,voices38,False,Confirmed,,False,residentevilrequiemhv,,2026-02-27T00:00:00Z,,3764200,https://store.steampowered.com/app/3764200/
Pragmata (HV),cracked_denuvo_games_(2021-present),,missing_updates,"all DLC's are cracked, but the latest patch is uncracked",2026-05-14T00:00:00Z,voices38,False,Confirmed,,False,pragmatahv,,2026-04-17T00:00:00Z,,3357650,https://store.steampowered.com/app/3357650
LEGO Batman Legacy of the Dark Knight (HV),cracked_denuvo_games_(2021-present),,missing_updates,"all DLC's are cracked, but the latest patch is uncracked",2026-05-22T00:00:00Z,voices38,False,Confirmed,,False,legobatmanlegacyofthedarkknighthv,,2026-05-22T00:00:00Z,,2215200,https://store.steampowered.com/app/2215200
Persona 4 Golden (64 bit),bypassed_denuvo_games,Hypervisor workaround by DenuvOwO,,,,,False,Confirmed,,True,persona4golden64bit,,2020-06-13T00:00:00Z,,1113000,https://store.steampowered.com/app/1113000
Madden NFL 21,bypassed_denuvo_games,Hypervisor workaround by DenuvOwO,,,,,False,Confirmed,,True,maddennfl21,,2020-08-25T00:00:00Z,,1239520,https://store.steampowered.com/app/1239520
The Bus,bypassed_denuvo_games,Hypervisor workaround by DenuvOwO,,,,,False,Confirmed,,True,thebus,,2021-03-25T00:00:00Z,,491540,https://store.steampowered.com/app/491540
Madden NFL 22,bypassed_denuvo_games,Hypervisor workaround by DenuvOwO,,,,,False,Confirmed,,True,maddennfl22,,2021-08-20T00:00:00Z,,1519350,https://store.steampowered.com/app/1519350
Lost in random,bypassed_denuvo_games,Hypervisor workaround by DenuvOwO,,,,,False,Confirmed,,True,lostinrandom,,2021-09-10T00:00:00Z,,1462570,https://store.steampowered.com/app/1462570/
Monopoly Madness,bypassed_denuvo_games,Hypervisor workaround by DenuvOwO,,,,,False,Confirmed,Uplay/Ubisoft Connect,True,monopolymadness,,2021-09-21T00:00:00Z,,2383760,https://store.steampowered.com/app/2383760
Demon Slayer -Kimetsu no Yaiba- The Hinokami Chronicles,bypassed_denuvo_games,Hypervisor workaround by DenuvOwO,,,,,False,Confirmed,,True,demonslayerkimetsunoyaibathehinokamichronicles,,2021-10-15T00:00:00Z,,1490890,https://store.steampowered.com/app/1490890/
Football Manager 2022,bypassed_denuvo_games,Hypervisor workaround by DenuvOwO,,,,,False,Confirmed,,True,footballmanager2022,,2021-11-09T00:00:00Z,,1569040,https://store.steampowered.com/app/1569040
Total War Warhammer 3,bypassed_denuvo_games,Hypervisor workaround by DenuvOwO,,,,,False,Confirmed,,True,totalwarwarhammer3,,2022-02-17T00:00:00Z,,1142710,https://store.steampowered.com/app/1142710
GRID Legends,bypassed_denuvo_games,Hypervisor workaround by DenuvOwO,,,,,False,Confirmed,,True,gridlegends,,2022-02-24T00:00:00Z,,1307710,https://store.steampowered.com/app/1307710
FAR: Changing Tides,bypassed_denuvo_games,Hypervisor workaround by DenuvOwO,,,,,False,Confirmed,,True,farchangingtides,,2022-03-01T00:00:00Z,,1570010,https://store.steampowered.com/app/1570010
Persona 4 Arena Ultimax,bypassed_denuvo_games,Hypervisor workaround by DenuvOwO,,,,,False,Confirmed,,True,persona4arenaultimax,,2022-03-17T00:00:00Z,,1602010,https://store.steampowered.com/app/1602010
"Warhammer 40,000: Chaos Gate - Daemonhunters",bypassed_denuvo_games,Hypervisor workaround by DenuvOwO,,,,,False,Confirmed,,True,warhammer40000chaosgatedaemonhunters,,2022-05-05T00:00:00Z,,1611910,https://store.steampowered.com/app/1611910
Sniper Elite 5,bypassed_denuvo_games,Hypervisor workaround by DenuvOwO,,,,,False,Confirmed,,True,sniperelite5,,2022-05-26T00:00:00Z,,1029690,https://store.steampowered.com/app/1029690
Hatsune Miku: Project DIVA Mega Mix+,bypassed_denuvo_games,Hypervisor workaround by DenuvOwO,,,,,False,Confirmed,,True,hatsunemikuprojectdivamegamix,,2022-05-26T00:00:00Z,,1761390,https://store.steampowered.com/app/1761390
Sonic Origins,bypassed_denuvo_games,Hypervisor workaround by DenuvOwO,,,,,False,Confirmed,,True,sonicorigins,,2022-06-23T00:00:00Z,,1794960,https://store.steampowered.com/app/1794960
Rabbids: Party of Legends,bypassed_denuvo_games,Hypervisor workaround by DenuvOwO,,,,,False,Confirmed,Uplay/Ubisoft Connect,True,rabbidspartyoflegends,,2022-06-30T00:00:00Z,,624effdf50e7e27306220ca7,https://store.ubisoft.com/ie/rabbids-party-of-legends/624effdf50e7e27306220ca7.html?lang=en-ZW
Madden NFL 23,bypassed_denuvo_games,Hypervisor workaround by DenuvOwO,,,,,False,Confirmed,,True,maddennfl23,,2022-08-19T00:00:00Z,,1760250,https://store.steampowered.com/app/1760250
Soul Hackers 2,bypassed_denuvo_games,Hypervisor workaround by DenuvOwO,,,,,False,Confirmed,,True,soulhackers2,,2022-08-25T00:00:00Z,,1777620,https://store.steampowered.com/app/1777620
F1 Manager 2022,bypassed_denuvo_games,Hypervisor workaround by DenuvOwO,,,,,False,Confirmed,,True,f1manager2022,,2022-08-30T00:00:00Z,,1708520,https://store.steampowered.com/app/1708520
Lost Judgment,bypassed_denuvo_games,Hypervisor workaround by DenuvOwO,,,,,False,Confirmed,,True,lostjudgment,,2022-09-14T00:00:00Z,,2058190,https://store.steampowered.com/app/2058190
Construction Simulator,bypassed_denuvo_games,Hypervisor workaround by DenuvOwO,,,,,False,Confirmed,,True,constructionsimulator,,2022-09-20T00:00:00Z,,1273400,https://store.steampowered.com/app/1273400
Need For Speed Unbound,bypassed_denuvo_games,Hypervisor workaround by DenuvOwO,,,,,False,Confirmed,,True,needforspeedunbound,,2022-12-02T00:00:00Z,,1846380,https://store.steampowered.com/app/1846380
Marvel Midnight Suns,bypassed_denuvo_games,Hypervisor workaround by DenuvOwO,,,,,False,Confirmed,,True,marvelmidnightsuns,,2022-12-02T00:00:00Z,,368260,https://store.steampowered.com/app/368260
Persona 3 Portable,bypassed_denuvo_games,Hypervisor workaround by DenuvOwO,,,,,False,Confirmed,,True,persona3portable,,2023-01-19T00:00:00Z,,1809700,https://store.steampowered.com/app/1809700
The Settlers: New Allies,bypassed_denuvo_games,Hypervisor workaround by DenuvOwO,,,,,False,Confirmed,Uplay/Ubisoft Connect,True,thesettlersnewallies,,2023-02-17T00:00:00Z,,2750080,https://store.steampowered.com/app/2750080
Like a Dragon: Ishin!,bypassed_denuvo_games,Hypervisor workaround by DenuvOwO,,,,,False,Confirmed,,True,likeadragonishin,,2023-02-21T00:00:00Z,,1805480,https://store.steampowered.com/app/1805480
EA Sports PGA Tour,bypassed_denuvo_games,Hypervisor workaround by DenuvOwO,,,,,False,Confirmed,,True,easportspgatour,,2023-04-07T00:00:00Z,,1677350,https://store.steampowered.com/app/1677350
Redfall,bypassed_denuvo_games,Hypervisor workaround by DenuvOwO,,,,,False,Confirmed,,True,redfall,,2023-05-02T00:00:00Z,,1294810,https://store.steampowered.com/agecheck/app/1294810/
Street Fighter 6,bypassed_denuvo_games,Hypervisor workaround by DenuvOwO,,,,,False,Confirmed,,True,streetfighter6,,2023-06-01T00:00:00Z,,1364780,https://store.steampowered.com/app/1364780
Super Mega Baseball 4,bypassed_denuvo_games,Hypervisor workaround by DenuvOwO,,,,,False,Confirmed,,True,supermegabaseball4,,2023-06-02T00:00:00Z,,1487210,https://store.steampowered.com/app/1487210
F1 23,bypassed_denuvo_games,Hypervisor workaround by DenuvOwO,,,,,False,Confirmed,,True,f123,,2023-06-16T00:00:00Z,,2108330,https://store.steampowered.com/app/2108330
F1 Manager 2023,bypassed_denuvo_games,Hypervisor workaround by DenuvOwO,,,,,False,Confirmed,,True,f1manager2023,,2023-07-31T00:00:00Z,,2287220,https://store.steampowered.com/app/2287220
Madden NFL 24,bypassed_denuvo_games,Hypervisor workaround by DenuvOwO,,,,,False,Confirmed,,True,maddennfl24,,2023-08-18T00:00:00Z,,2140330,https://store.steampowered.com/app/2140330
NBA 2K24,bypassed_denuvo_games,Hypervisor workaround by DenuvOwO,,,,,False,Confirmed,,True,nba2k24,,2023-09-08T00:00:00Z,,2338770,https://store.steampowered.com/app/2338770
Mortal Kombat 1,bypassed_denuvo_games,Hypervisor workaround by DenuvOwO,,,,,False,Confirmed,,True,mortalkombat1,,2023-09-19T00:00:00Z,,1971870,https://store.steampowered.com/app/1971870
EA FC 24,bypassed_denuvo_games,Hypervisor workaround by DenuvOwO,,,,,False,Confirmed,,True,eafc24,,2023-09-29T00:00:00Z,,2195250,https://store.steampowered.com/app/2195250
Sonic Superstars,bypassed_denuvo_games,Hypervisor workaround by DenuvOwO,,,,,False,Confirmed,,True,sonicsuperstars,,2023-10-17T00:00:00Z,,2022670,https://store.steampowered.com/app/2022670
Football Manager 2024,bypassed_denuvo_games,Hypervisor workaround by DenuvOwO,,,,,False,Confirmed,,True,footballmanager2024,,2023-11-06T00:00:00Z,,2252570,https://store.steampowered.com/app/2252570
Like A Dragon Gaiden - The Man Who Erased His Name,bypassed_denuvo_games,Hypervisor workaround by DenuvOwO,,,,,False,Confirmed,,True,likeadragongaidenthemanwhoerasedhisname,,2023-11-08T00:00:00Z,,2375550,https://store.steampowered.com/agecheck/app/2375550/
Warhammer Age of Sigmar: Realms of Ruin,bypassed_denuvo_games,Hypervisor workaround by DenuvOwO,,,,,False,Confirmed,,True,warhammerageofsigmarrealmsofruin,,2023-11-17T00:00:00Z,,1844380,https://store.steampowered.com/app/1844380
Persona 5 Tactica,bypassed_denuvo_games,Hypervisor workaround by DenuvOwO,,,,,False,Confirmed,,True,persona5tactica,,2023-11-17T00:00:00Z,,2254740,https://store.steampowered.com/app/2254740
EA SPORTS WRC,bypassed_denuvo_games,Hypervisor workaround by DenuvOwO,,,,,False,Confirmed,,True,easportswrc,,2023-11-03T00:00:00Z,,1849250,https://store.steampowered.com/app/1849250
Avatar: Frontiers of Pandora,bypassed_denuvo_games,Hypervisor workaround by DenuvOwO,,,,,False,Confirmed,Uplay/Ubisoft Connect,True,avatarfrontiersofpandora,,2023-12-07T00:00:00Z,,2840770,https://store.steampowered.com/app/2840770
Prince of Persia: The Lost Crown,bypassed_denuvo_games,Hypervisor workaround by DenuvOwO,,,,,False,Confirmed,Uplay/Ubisoft Connect,True,princeofpersiathelostcrown,,2024-01-15T00:00:00Z,Epic Games Store,prince-of-persia-the-lost-crown,https://store.epicgames.com/en-US/p/prince-of-persia-the-lost-crown
Like A Dragon Infinite Wealth,bypassed_denuvo_games,Hypervisor workaround by DenuvOwO,,,,,False,Confirmed,,True,likeadragoninfinitewealth,,2024-01-26T00:00:00Z,,2072450,https://store.steampowered.com/agecheck/app/2072450/
Persona 3 Reload,bypassed_denuvo_games,"Demo Bypass by RikuKH3, Hypervisor workaround by DenuvOwO",,,,,False,Confirmed,,True,persona3reload,,2024-02-02T00:00:00Z,,2161700,https://store.steampowered.com/app/2161700
Valiant Hearts: Coming Home,bypassed_denuvo_games,Hypervisor workaround by DenuvOwO,,,,,False,Confirmed,Uplay/Ubisoft Connect,True,valiantheartscominghome,,2024-03-07T00:00:00Z,,,https://www.ubisoft.com/en-gb/game/valiant-hearts/coming-home
TopSpin 2K25,bypassed_denuvo_games,Hypervisor workaround by DenuvOwO,,,,,False,Confirmed,,True,topspin2k25,,2024-04-26T00:00:00Z,,1785650,https://store.steampowered.com/app/1785650
F1 24,bypassed_denuvo_games,Hypervisor workaround by DenuvOwO,,,,,False,Confirmed,,True,f124,,2024-05-31T00:00:00Z,,2488620,https://store.steampowered.com/app/2488620
Shin Megami Tensei V: Vengeance,bypassed_denuvo_games,"Demo Bypass by RikuKH3, Hypervisor workaround by DenuvOwO",,,,,False,Confirmed,,True,shinmegamitenseivvengeance,,2024-06-21T00:00:00Z,,1875830,https://store.steampowered.com/app/1875830
Beyond Good & Evil - 20th Anniversary Edition,bypassed_denuvo_games,Hypervisor workaround by DenuvOwO,,,,,False,Confirmed,Uplay/Ubisoft Connect,True,beyondgoodevil20thanniversaryedition,,2024-06-25T00:00:00Z,,2556990,https://store.steampowered.com/app/2556990
Demon Slayer -Kimetsu no Yaiba- Sweep the Board!,bypassed_denuvo_games,Hypervisor workaround by DenuvOwO,,,,,False,Confirmed,,True,demonslayerkimetsunoyaibasweeptheboard,,2024-07-16T00:00:00Z,,2424110,https://store.steampowered.com/app/2424110
F1 Manager 2024,bypassed_denuvo_games,Hypervisor workaround by DenuvOwO,,,,,False,Confirmed,,True,f1manager2024,,2024-07-24T00:00:00Z,,2591280,https://store.steampowered.com/app/2591280
Madden NFL 25,bypassed_denuvo_games,Hypervisor workaround by DenuvOwO,,,,,False,Confirmed,,True,maddennfl25,,2024-08-16T00:00:00Z,,2582560,https://store.steampowered.com/app/2582560
Star Wars Outlaws,bypassed_denuvo_games,Hypervisor workaround by DenuvOwO,,,,,False,Confirmed,Uplay/Ubisoft Connect,True,starwarsoutlaws,,2024-08-30T00:00:00Z,Epic Games Store,star-wars-outlaws,https://store.epicgames.com/en-US/p/star-wars-outlaws
NBA 2K25,bypassed_denuvo_games,Hypervisor workaround by DenuvOwO,,,,,False,Confirmed,,True,nba2k25,,2024-09-06T00:00:00Z,,2878980,https://store.steampowered.com/app/2878980
NEW MONOPOLY,bypassed_denuvo_games,Hypervisor workaround by DenuvOwO,,,,,False,Confirmed,Uplay/Ubisoft Connect,True,newmonopoly,,2024-09-24T00:00:00Z,,2929170,https://store.steampowered.com/app/2929170
EA FC 25,bypassed_denuvo_games,Hypervisor workaround by DenuvOwO,,,,,False,Confirmed,,True,eafc25,,2024-09-27T00:00:00Z,,2669320,https://store.steampowered.com/app/2669320
Metaphor Re Fantazio,bypassed_denuvo_games,"Demo Bypass by RikuKH3, Hypervisor workaround by DenuvOwO",,,,,False,Confirmed,,True,metaphorrefantazio,,2024-10-11T00:00:00Z,,2679460,https://store.steampowered.com/app/2679460/Metaphor_ReFantazio/
Professional Baseball Spirits 2024/2025,bypassed_denuvo_games,Hypervisor workaround by DenuvOwO,,,,,False,Confirmed,,True,professionalbaseballspirits20242025,,2024-10-17T00:00:00Z,,2051010,https://store.steampowered.com/app/2051010
Sonic X Shadow Generations,bypassed_denuvo_games,Hypervisor workaround by DenuvOwO,,,,,False,Confirmed,,True,sonicxshadowgenerations,,2024-10-25T00:00:00Z,,2513280,https://store.steampowered.com/app/2513280
Speedball,bypassed_denuvo_games,Hypervisor workaround by DenuvOwO,,,,,False,Confirmed,,True,speedball,,2024-10-29T00:00:00Z,,1795190,https://store.steampowered.com/app/1795190
Planet Coaster 2,bypassed_denuvo_games,Hypervisor workaround by DenuvOwO,,,,,False,Confirmed,,True,planetcoaster2,,2024-11-06T00:00:00Z,,2688950,https://store.steampowered.com/app/2688950
Sniper Elite: Resistance,bypassed_denuvo_games,Hypervisor workaround by DenuvOwO,,,,,False,Confirmed,,True,snipereliteresistance,,2025-01-30T00:00:00Z,,2169200,https://store.steampowered.com/app/2169200
Hello Kitty Island Adventure,bypassed_denuvo_games,Hypervisor workaround by DenuvOwO,,,,,False,Confirmed,,True,hellokittyislandadventure,,2025-01-30T00:00:00Z,,2495100,https://store.steampowered.com/app/2495100
Sid Meier's Civilization VII,bypassed_denuvo_games,Hypervisor workaround by DenuvOwO,,,,,False,Confirmed,,True,sidmeierscivilizationvii,,2025-02-11T00:00:00Z,,1295660,https://store.steampowered.com/app/1295660
Like a Dragon: Pirate Yakuza,bypassed_denuvo_games,Hypervisor workaround by DenuvOwO,,,,,False,Confirmed,,True,likeadragonpirateyakuza,,2025-02-20T00:00:00Z,,3061810,https://store.steampowered.com/agecheck/app/3061810/
Monster Hunter Wilds,bypassed_denuvo_games,Hypervisor workaround by DenuvOwO,,,,,False,Confirmed,,True,monsterhunterwilds,,2025-02-28T00:00:00Z,,2246340,https://store.steampowered.com/app/2246340
PGA TOUR 2K25,bypassed_denuvo_games,Hypervisor workaround by DenuvOwO,,,,,False,Confirmed,,True,pgatour2k25,,2025-02-28T00:00:00Z,,2385530,https://store.steampowered.com/app/2385530
Two Point Museum,bypassed_denuvo_games,Hypervisor workaround by DenuvOwO,,,,,False,Confirmed,,True,twopointmuseum,,2025-03-04T00:00:00Z,,2185060,https://store.steampowered.com/app/2185060
Atomfall,bypassed_denuvo_games,Hypervisor workaround by DenuvOwO,,,,,False,Confirmed,,True,atomfall,,2025-03-27T00:00:00Z,,801800,https://store.steampowered.com/app/801800
F1 2025,bypassed_denuvo_games,Hypervisor workaround by DenuvOwO,,,,,False,Confirmed,,True,f12025,,2025-05-30T00:00:00Z,,3059520,https://store.steampowered.com/app/3059520
RAIDOU Remastered: The Mystery of the Soulless Army,bypassed_denuvo_games,"Demo Bypass by RikuKH3, Hypervisor workaround by DenuvOwO",,,,,False,Confirmed,,True,raidouremasteredthemysteryofthesoullessarmy,,2025-06-19T00:00:00Z,,2288350,https://store.steampowered.com/app/2288350/
Demon Slayer -Kimetsu no Yaiba- The Hinokami Chronicles 2,bypassed_denuvo_games,Hypervisor workaround by DenuvOwO,,,,,False,Confirmed,,True,demonslayerkimetsunoyaibathehinokamichronicles2,,2025-08-08T00:00:00Z,,2928600,https://store.steampowered.com/app/2928600
Madden NFL 2026,bypassed_denuvo_games,Hypervisor workaround by DenuvOwO,,,,,False,Confirmed,,True,maddennfl2026,,2025-08-14T00:00:00Z,,3230400,https://store.steampowered.com/app/3230400
Shinobi - Art of Vengeance,bypassed_denuvo_games,Hypervisor workaround by DenuvOwO,,,,,False,Confirmed,,True,shinobiartofvengeance,,2025-08-29T00:00:00Z,,2361770,https://store.steampowered.com/app/2361770
NBA 2K26,bypassed_denuvo_games,Hypervisor workaround by DenuvOwO,,,,,False,Confirmed,,True,nba2k26,,2025-09-05T00:00:00Z,,3472040,https://store.steampowered.com/app/3472040
Borderlands 4,bypassed_denuvo_games,Hypervisor workaround by DenuvOwO,,,,,False,Confirmed,,True,borderlands4,,2025-09-11T00:00:00Z,,1285190,https://store.steampowered.com/app/1285190
Sonic Racing - CrossWorlds,bypassed_denuvo_games,Hypervisor workaround by DenuvOwO,,,,,False,Confirmed,,True,sonicracingcrossworlds,,2025-09-25T00:00:00Z,,2486820,https://store.steampowered.com/app/2486820
EA Sports FC 26,bypassed_denuvo_games,Hypervisor workaround by DenuvOwO,,,,,False,Confirmed,,True,easportsfc26,,2025-09-25T00:00:00Z,,3405690,https://store.steampowered.com/app/3405690
Final Fantasy Tactics - The Ivalice Chronicles,bypassed_denuvo_games,Hypervisor workaround by DenuvOwO,,,,,False,Confirmed,,True,finalfantasytacticstheivalicechronicles,,2025-09-30T00:00:00Z,,1004640,https://store.steampowered.com/app/1004640
Jurassic World Evolution 3,bypassed_denuvo_games,Hypervisor workaround by DenuvOwO,,,,,False,Confirmed,,True,jurassicworldevolution3,,2025-10-21T00:00:00Z,,2958130,https://store.steampowered.com/app/2958130
Football Manager 26,bypassed_denuvo_games,Hypervisor workaround by DenuvOwO,,,,,False,Confirmed,,True,footballmanager26,,2025-11-04T00:00:00Z,,3551340,https://store.steampowered.com/app/3551340
Anno 117 - Pax Romana,bypassed_denuvo_games,Hypervisor workaround by DenuvOwO,,,,,False,Confirmed,Uplay/Ubisoft Connect,True,anno117paxromana,,2025-11-13T00:00:00Z,,3274580,https://store.steampowered.com/app/3274580
Code Vein 2,bypassed_denuvo_games,Hypervisor workaround by DenuvOwO,,,,,False,Confirmed,,True,codevein2,,2026-01-30T00:00:00Z,,2362060,https://store.steampowered.com/app/2362060
Dragon Quest VII Reimagined,bypassed_denuvo_games,"Demo Bypass by democrackerz, Hypervisor workaround by DenuvOwO",,,,,False,Confirmed,,True,dragonquestviireimagined,,2026-02-05T00:00:00Z,,2499860,https://store.steampowered.com/app/2499860
Yakuza Kiwami 3 & Dark Ties,bypassed_denuvo_games,Hypervisor workaround by DenuvOwO,,,,,False,Confirmed,,True,yakuzakiwami3darkties,,2026-02-11T00:00:00Z,,3937550,https://store.steampowered.com/agecheck/app/3937550/
Bravely Default: Flying Fairy HD Remaster,bypassed_denuvo_games,Hypervisor workaround by DenuvOwO,,,,,False,Confirmed,,True,bravelydefaultflyingfairyhdremaster,,2026-03-12T00:00:00Z,,2833580,https://store.steampowered.com/app/2833580
Monster Hunter Stories 3: Twisted Reflection,bypassed_denuvo_games,Hypervisor workaround by DenuvOwO,,,,,False,Confirmed,,True,monsterhunterstories3twistedreflection,,2026-03-13T00:00:00Z,,2852190,https://store.steampowered.com/app/2852190
WWE2K26,bypassed_denuvo_games,Hypervisor workaround by DenuvOwO,,,,,False,Confirmed,,True,wwe2k26,,2026-03-13T00:00:00Z,,3717070,https://store.steampowered.com/app/3717070
Crimson Desert,bypassed_denuvo_games,Hypervisor workaround by DenuvOwO,,,,,False,Confirmed,,True,crimsondesert,,2026-03-19T00:00:00Z,,3321460,https://store.steampowered.com/agecheck/app/3321460/
Life is Strange: Reunion,bypassed_denuvo_games,Hypervisor workaround by DenuvOwO,,,,,False,Confirmed,,True,lifeisstrangereunion,,2026-03-26T00:00:00Z,,2624870,https://store.steampowered.com/app/2624870/
Mega Man Star Force Legacy Collection,bypassed_denuvo_games,Hypervisor workaround by DenuvOwO,,,,,False,Confirmed,,True,megamanstarforcelegacycollection,,2026-03-27T00:00:00Z,,3500390,https://store.steampowered.com/app/3500390
City Transport Simulator 2026,bypassed_denuvo_games,Hypervisor workaround by DenuvOwO,,,,,False,Confirmed,,True,citytransportsimulator2026,,2026-04-14T00:00:00Z,,4148530,https://store.steampowered.com/app/4148530
The Adventures of Elliot - The Millennium Tales,bypassed_denuvo_games,Hypervisor workaround by DenuvOwO,,,,,False,Confirmed,,True,theadventuresofelliotthemillenniumtales,,2026-06-18T00:00:00Z,,3483510,https://store.steampowered.com/app/3483510
Monopoly: Star Wars Heroes vs. Villains,bypassed_denuvo_games,Hypervisor workaround by DenuvOwO,,,,,False,Confirmed,Uplay/Ubisoft Connect,True,monopolystarwarsheroesvsvillains,,2026-06-30T00:00:00Z,,3936610,https://store.steampowered.com/app/3936610
Assassin's Creed Black Flag Resynced,bypassed_denuvo_games,Hypervisor workaround by DenuvOwO,,,,,False,Confirmed,Uplay/Ubisoft Connect,True,assassinscreedblackflagresynced,,2026-07-09T00:00:00Z,,3751950,https://store.steampowered.com/app/3751950
Echoes of Aincrad,bypassed_denuvo_games,Hypervisor workaround by DenuvOwO,,,,,False,Confirmed,,True,echoesofaincrad,,2026-07-10T00:00:00Z,,2244210,https://store.steampowered.com/app/2244210
eBaseball™: PRO SPIRIT,bypassed_denuvo_games,Hypervisor workaround by DenuvOwO,,,,,False,Confirmed,,True,ebaseballprospirit,,2026-07-15T00:00:00Z,,4128400,https://store.steampowered.com/app/4128400
Gunjack,bypassed_denuvo_games,Hypervisor workaround by DenuvOwO,,,,,False,Confirmed,,True,gunjack,,2016-03-28T00:00:00Z,,,
Edge of Nowhere,bypassed_denuvo_games,Hypervisor workaround by DenuvOwO,,,,,False,Confirmed,,True,edgeofnowhere,,2016-06-06T00:00:00Z,,,
Damaged core,bypassed_denuvo_games,Hypervisor workaround by DenuvOwO,,,,,False,Confirmed,,True,damagedcore,,2016-08-30T00:00:00Z,,,
Feral Rites,bypassed_denuvo_games,Hypervisor workaround by DenuvOwO,,,,,False,Confirmed,,True,feralrites,,2016-09-13T00:00:00Z,,,
Sniper Elite VR,bypassed_denuvo_games,Hypervisor workaround by DenuvOwO,,,,,False,Confirmed,,True,sniperelitevr,,2021-07-08T00:00:00Z,,,
Zombie Army VR,bypassed_denuvo_games,Hypervisor workaround by DenuvOwO,,,,,False,Confirmed,,True,zombiearmyvr,,2025-05-12T00:00:00Z,,,
FIFA 15,older_cracked_denuvo_games_(2014-2020),,fully_cracked,latest update is cracked with all the DLC's,2015-02-01T00:00:00Z,3DM (Fixed by CPY),False,Confirmed,,False,fifa15,,2014-09-23T00:00:00Z,,,Unavailable
Dragon Age Inquisition,older_cracked_denuvo_games_(2014-2020),,fully_cracked,latest update is cracked with all the DLC's,2014-12-18T00:00:00Z,"3DM (Fixed by CPY), merumeru",False,Confirmed,,False,dragonageinquisition,,2014-11-18T00:00:00Z,,1222690,https://store.steampowered.com/app/1222690
Battlefield Hardline,older_cracked_denuvo_games_(2014-2020),,fully_cracked,latest update is cracked with all the DLC's,2015-08-13T00:00:00Z,CPY,False,Confirmed,,False,battlefieldhardline,,2015-03-17T00:00:00Z,,1238880,https://store.steampowered.com/app/1238880
Metal Gear Solid V: The Phantom Pain (HV),older_cracked_denuvo_games_(2014-2020),,missing_updates,"all DLC's are cracked, but the latest patch is uncracked",2015-09-10T00:00:00Z,"3DM (Fixed by CPY), CODEX",False,Confirmed,,False,metalgearsolidvthephantompainhv,,2015-09-01T00:00:00Z,,287700,https://steampowered.com/app/287700
FIFA 16,older_cracked_denuvo_games_(2014-2020),,fully_cracked,latest update is cracked with all the DLC's,2024-04-11T00:00:00Z,DELUSIONAL,False,Confirmed,,False,fifa16,,2015-09-22T00:00:00Z,,,Unavailable
Star Wars: Battlefront,older_cracked_denuvo_games_(2014-2020),,fully_cracked,latest update is cracked with all the DLC's,2024-05-14T00:00:00Z,DELUSIONAL,False,Confirmed,,False,starwarsbattlefront,,2015-11-17T00:00:00Z,,1237980,https://store.steampowered.com/app/1237980
Unravel,older_cracked_denuvo_games_(2014-2020),,fully_cracked,latest update is cracked with all the DLC's,2017-07-04T00:00:00Z,STEAMPUNKS,False,Confirmed,,False,unravel,,2016-02-09T00:00:00Z,,1225560,https://store.steampowered.com/app/1225560
Far Cry: Primal,older_cracked_denuvo_games_(2014-2020),,fully_cracked,latest update is cracked with all the DLC's,2017-01-08T00:00:00Z,"CPY, CODEX",False,Confirmed,Uplay/Ubisoft Connect,False,farcryprimal,,2016-03-01T00:00:00Z,,371660,https://steampowered.com/app/371660
Total War: Warhammer,older_cracked_denuvo_games_(2014-2020),,missing_dlc,the latest DLC or multiple ones are uncracked,2017-06-17T00:00:00Z,STEAMPUNKS,False,Confirmed,,False,totalwarwarhammer,,2016-05-24T00:00:00Z,,364360,https://steampowered.com/app/364360
Mirror's Edge: Catalyst,older_cracked_denuvo_games_(2014-2020),,fully_cracked,latest update is cracked with all the DLC's,2016-10-02T00:00:00Z,CPY,False,Confirmed,,False,mirrorsedgecatalyst,,2016-06-07T00:00:00Z,,1233570,https://store.steampowered.com/app/1233570
F1 2016,older_cracked_denuvo_games_(2014-2020),,fully_cracked,latest update is cracked with all the DLC's,2017-06-26T00:00:00Z,STEAMPUNKS,False,Confirmed,,False,f12016,,2016-08-19T00:00:00Z,,391040,https://steampowered.com/app/391040
Fernbus Simulator,older_cracked_denuvo_games_(2014-2020),,missing_dlc,the latest DLC or multiple ones are uncracked,2017-10-21T00:00:00Z,CODEPUNKS,False,Confirmed,,False,fernbussimulator,,2016-08-25T00:00:00Z,,427100,https://steampowered.com/app/427100
God Eater Resurrection,older_cracked_denuvo_games_(2014-2020),,fully_cracked,latest update is cracked with all the DLC's,2016-11-08T00:00:00Z,"CPY, Voksi",False,Confirmed,,False,godeaterresurrection,,2016-08-28T00:00:00Z,,438490,https://steampowered.com/app/438490
God Eater 2: Rage Burst,older_cracked_denuvo_games_(2014-2020),,fully_cracked,latest update is cracked with all the DLC's,2017-01-22T00:00:00Z,"CPY, DeltaT",False,Confirmed,,False,godeater2rageburst,,2016-08-30T00:00:00Z,,438490,https://steampowered.com/app/438490
Champions of Anteria,older_cracked_denuvo_games_(2014-2020),,missing_updates,"all DLC's are cracked, but the latest patch is uncracked",2016-12-25T00:00:00Z,"CPY, CODEX",False,Confirmed,Uplay/Ubisoft Connect,False,championsofanteria,,2016-08-30T00:00:00Z,,374520,https://steampowered.com/app/374520
FIFA 17,older_cracked_denuvo_games_(2014-2020),,fully_cracked,latest update is cracked with all the DLC's,2017-07-12T00:00:00Z,STEAMPUNKS,False,Confirmed,,False,fifa17,,2016-09-27T00:00:00Z,,,Unavailable
Pro Evolution Soccer 2017,older_cracked_denuvo_games_(2014-2020),,fully_cracked,latest update is cracked with all the DLC's,2016-10-27T00:00:00Z,CPY,False,Confirmed,,False,proevolutionsoccer2017,,2016-09-30T00:00:00Z,,,Unavailable
WRC 6 FIA,older_cracked_denuvo_games_(2014-2020),,fully_cracked,latest update is cracked with all the DLC's,2017-06-15T00:00:00Z,STEAMPUNKS,False,Confirmed,,False,wrc6fia,,2016-10-14T00:00:00Z,,458770,https://steampowered.com/app/458770
Battlefield 1,older_cracked_denuvo_games_(2014-2020),,missing_updates,"all DLC's are cracked, but the latest patch is uncracked",2017-02-05T00:00:00Z,CPY,False,Confirmed,,False,battlefield1,,2016-10-21T00:00:00Z,,1238840,https://store.steampowered.com/app/1238840
Football Manager 2017,older_cracked_denuvo_games_(2014-2020),,fully_cracked,latest update is cracked with all the DLC's,2017-06-27T00:00:00Z,"STEAMPUNKS, Voksi",False,Confirmed,,False,footballmanager2017,,2016-11-04T00:00:00Z,,,Unavailable
Handball 17,older_cracked_denuvo_games_(2014-2020),,fully_cracked,latest update is cracked with all the DLC's,2024-04-03T00:00:00Z,DELUSIONAL,False,Confirmed,,False,handball17,,2016-11-15T00:00:00Z,,526980,https://steampowered.com/app/526980
Planet Coaster,older_cracked_denuvo_games_(2014-2020),,fully_cracked,latest update is cracked with all the DLC's,2017-06-10T00:00:00Z,"STEAMPUNKS, Voksi, DeltaT, EMPRESS",False,Confirmed,,False,planetcoaster,,2016-11-17T00:00:00Z,,493340,https://steampowered.com/app/493340
Watch Dogs 2,older_cracked_denuvo_games_(2014-2020),,missing_updates,"all DLC's are cracked, but the latest patch is uncracked",2017-01-18T00:00:00Z,"CPY, CODEX",False,Confirmed,Uplay/Ubisoft Connect,False,watchdogs2,,2016-11-29T00:00:00Z,,447040,https://steampowered.com/app/447040
Tales of Berseria,older_cracked_denuvo_games_(2014-2020),,missing_updates,"all DLC's are cracked, but the latest patch is uncracked",2017-02-17T00:00:00Z,CPY,False,Confirmed,,False,talesofberseria,,2017-01-27T00:00:00Z,,429660,https://steampowered.com/app/429660
Sniper Elite 4,older_cracked_denuvo_games_(2014-2020),,missing_updates,"all DLC's are cracked, but the latest patch is uncracked",2017-06-22T00:00:00Z,STEAMPUNKS,False,Confirmed,,False,sniperelite4,,2017-02-14T00:00:00Z,,312660,https://steampowered.com/app/312660
Ghost Recon Wildlands (HV),older_cracked_denuvo_games_(2014-2020),,fully_cracked,latest update is cracked with all the DLC's,2017-07-24T00:00:00Z,"STEAMPUNKS (Fixed by CPY), DeltaT, EMPRESS",False,Confirmed,Uplay/Ubisoft Connect,False,ghostreconwildlandshv,,2017-03-07T00:00:00Z,,460930,https://steampowered.com/app/460930
Dead Rising 4,older_cracked_denuvo_games_(2014-2020),,fully_cracked,latest update is cracked with all the DLC's,2017-06-18T00:00:00Z,"Baldman, Voksi, CODEX",False,Confirmed,,False,deadrising4,,2017-03-14T00:00:00Z,,543460,https://steampowered.com/app/543460
Dragon Quest Heroes II,older_cracked_denuvo_games_(2014-2020),,fully_cracked,latest update is cracked with all the DLC's,2017-06-25T00:00:00Z,"Baldman, CODEX",False,Confirmed,,False,dragonquestheroesii,,2017-04-25T00:00:00Z,,574050,https://steampowered.com/app/574050
Warhammer 40k: Dawn of War III,older_cracked_denuvo_games_(2014-2020),,missing_updates,"all DLC's are cracked, but the latest patch is uncracked",2017-06-13T00:00:00Z,"Baldman, Voksi",False,Confirmed,,False,warhammer40kdawnofwariii,,2017-04-27T00:00:00Z,,285190,https://steampowered.com/app/285190
Battlezone Gold Edition,older_cracked_denuvo_games_(2014-2020),,fully_cracked,latest update is cracked with all the DLC's,2018-05-06T00:00:00Z,"Voksi, DeltaT",False,Confirmed,,False,battlezonegoldedition,,2017-05-11T00:00:00Z,,312650,https://steampowered.com/app/312650
Hunting Simulator,older_cracked_denuvo_games_(2014-2020),,fully_cracked,latest update is cracked with all the DLC's,2017-08-17T00:00:00Z,"CPY, Voksi",False,Confirmed,,False,huntingsimulator,,2017-06-09T00:00:00Z,,585080,https://steampowered.com/app/585080
White Day: A Labyrinth Named School,older_cracked_denuvo_games_(2014-2020),,fully_cracked,latest update is cracked with all the DLC's,2017-08-22T00:00:00Z,ALI213 (Fixed by Steam006),False,Confirmed,,False,whitedayalabyrinthnamedschool,,2017-08-22T00:00:00Z,,466130,https://steampowered.com/app/466130
F1 2017,older_cracked_denuvo_games_(2014-2020),,fully_cracked,latest update is cracked with all the DLC's,2017-09-13T00:00:00Z,"CPY, sam2k8, Voksi",False,Confirmed,,False,f12017,,2017-08-25T00:00:00Z,,515220,https://steampowered.com/app/515220
Monopoly plus,older_cracked_denuvo_games_(2014-2020),,missing_updates,"all DLC's are cracked, but the latest patch is uncracked",2017-10-06T00:00:00Z,STEAMPUNKS,False,Confirmed,Uplay/Ubisoft Connect,False,monopolyplus,,2017-09-08T00:00:00Z,,562810,https://steampowered.com/app/562810
Pro Evolution Soccer 2018,older_cracked_denuvo_games_(2014-2020),,fully_cracked,latest update is cracked with all the DLC's,2017-09-22T00:00:00Z,"CPY, Voksi, DeltaT",False,Confirmed,,False,proevolutionsoccer2018,,2017-09-13T00:00:00Z,,,Unavailable
WRC 7 FIA,older_cracked_denuvo_games_(2014-2020),,fully_cracked,latest update is cracked with all the DLC's,2017-09-24T00:00:00Z,"CPY, Voksi, CODEX",False,Confirmed,,False,wrc7fia,,2017-09-15T00:00:00Z,,621830,https://steampowered.com/app/621830
Total War: Warhammer 2,older_cracked_denuvo_games_(2014-2020),,missing_updates,"all DLC's are cracked, but the latest patch is uncracked",2017-09-28T00:00:00Z,"STEAMPUNKS, Voksi, CODEX, DeltaT, c000005, PARADOX, EMPRESS",False,Confirmed,,False,totalwarwarhammer2,,2017-09-28T00:00:00Z,,594570,https://steampowered.com/app/594570
FIFA 18 (HV),older_cracked_denuvo_games_(2014-2020),,missing_dlc,the latest DLC or multiple ones are uncracked,2017-09-29T00:00:00Z,STEAMPUNKS,False,Confirmed,,False,fifa18hv,,2017-09-29T00:00:00Z,,,Unavailable
South Park: The Fractured but Whole,older_cracked_denuvo_games_(2014-2020),,fully_cracked,latest update is cracked with all the DLC's,2017-10-18T00:00:00Z,"CODEPUNKS, CODEX",False,Confirmed,Uplay/Ubisoft Connect,False,southparkthefracturedbutwhole,,2017-10-17T00:00:00Z,,488790,https://steampowered.com/app/488790
Assassin's Creed: Origins (HV),older_cracked_denuvo_games_(2014-2020),,missing_updates,"all DLC's are cracked, but the latest patch is uncracked",2018-02-03T00:00:00Z,"CPY, CODEX",False,Confirmed,Uplay/Ubisoft Connect,False,assassinscreedoriginshv,,2017-10-27T00:00:00Z,,582160,https://steampowered.com/app/582160
Sonic Forces,older_cracked_denuvo_games_(2014-2020),,fully_cracked,latest update is cracked with all the DLC's,2018-01-21T00:00:00Z,CPY,False,Confirmed,,False,sonicforces,,2017-11-07T00:00:00Z,,637100,https://steampowered.com/app/637100
Need For Speed Payback (HV),older_cracked_denuvo_games_(2014-2020),,missing_dlc,the latest DLC or multiple ones are uncracked,2018-03-09T00:00:00Z,CPY,False,Confirmed,,False,needforspeedpaybackhv,,2017-11-10T00:00:00Z,,1262580,https://store.steampowered.com/app/1262580
Football Manager 2018,older_cracked_denuvo_games_(2014-2020),,fully_cracked,latest update is cracked with all the DLC's,2018-06-21T00:00:00Z,Voksi,False,Confirmed,,False,footballmanager2018,,2017-11-10T00:00:00Z,,,Unavailable
Star Wars Battlefront II,older_cracked_denuvo_games_(2014-2020),,fully_cracked,latest update is cracked with all the DLC's,2019-06-28T00:00:00Z,"CODEX, EMPRESS",False,Confirmed,,False,starwarsbattlefrontii,,2017-11-17T00:00:00Z,,1237950,https://store.steampowered.com/app/1237950
Star Ocean: The Last Hope HD Remaster,older_cracked_denuvo_games_(2014-2020),,missing_updates,"all DLC's are cracked, but the latest patch is uncracked",2018-01-27T00:00:00Z,"CPY, DeltaT",False,Confirmed,,False,staroceanthelasthopehdremaster,,2017-11-28T00:00:00Z,,609150,https://steampowered.com/app/609150
Fe,older_cracked_denuvo_games_(2014-2020),,fully_cracked,latest update is cracked with all the DLC's,2023-08-13T00:00:00Z,SKIDROW,False,Confirmed,,False,fe,,2018-02-16T00:00:00Z,,1225580,https://store.steampowered.com/app/1225580
SWORD ART ONLINE: Fatal Bullet (HV),older_cracked_denuvo_games_(2014-2020),,missing_updates,"all DLC's are cracked, but the latest patch is uncracked",2018-04-11T00:00:00Z,"CPY, FCKDRM, CODEX",False,Confirmed,,False,swordartonlinefatalbullethv,,2018-02-23T00:00:00Z,,626690,https://steampowered.com/app/626690
Puyo Puyo Tetris (HV),older_cracked_denuvo_games_(2014-2020),,fully_cracked,latest update is cracked with all the DLC's,2018-06-28T00:00:00Z,"Voksi, CODEX",False,Confirmed,,False,puyopuyotetrishv,,2018-02-27T00:00:00Z,,546050,https://steampowered.com/app/546050
Far Cry 5 (HV),older_cracked_denuvo_games_(2014-2020),,missing_updates,"all DLC's are cracked, but the latest patch is uncracked",2018-04-15T00:00:00Z,"CPY, CODEX",False,Confirmed,Uplay/Ubisoft Connect,False,farcry5hv,,2018-03-27T00:00:00Z,,552520,https://steampowered.com/app/552520
Unravel Two,older_cracked_denuvo_games_(2014-2020),,fully_cracked,latest update is cracked with all the DLC's,2018-09-11T00:00:00Z,CODEX,False,Confirmed,,False,unraveltwo,,2018-06-09T00:00:00Z,,1225570,https://store.steampowered.com/app/1225570
Jurassic World Evolution,older_cracked_denuvo_games_(2014-2020),,fully_cracked,latest update is cracked with all the DLC's,2018-09-25T00:00:00Z,"CODEX, EMPRESS",False,Confirmed,,False,jurassicworldevolution,,2018-06-12T00:00:00Z,,648350,https://steampowered.com/app/648350
Shining Resonance Refrain,older_cracked_denuvo_games_(2014-2020),,fully_cracked,latest update is cracked with all the DLC's,2018-07-11T00:00:00Z,"Voksi, DeltaT, voices38",False,Confirmed,,False,shiningresonancerefrain,,2018-07-10T00:00:00Z,,809890,https://steampowered.com/app/809890
Madden NFL 19,older_cracked_denuvo_games_(2014-2020),,missing_updates,"all DLC's are cracked, but the latest patch is uncracked",2018-10-04T00:00:00Z,CODEX,False,Confirmed,,False,maddennfl19,,2018-08-10T00:00:00Z,,,Unavailable
Burnout Paradise Remastered,older_cracked_denuvo_games_(2014-2020),,fully_cracked,latest update is cracked with all the DLC's,2024-07-18T00:00:00Z,RUNE,False,Confirmed,,False,burnoutparadiseremastered,,2018-08-21T00:00:00Z,,1238080,https://store.steampowered.com/app/1238080
F1 2018,older_cracked_denuvo_games_(2014-2020),,fully_cracked,latest update is cracked with all the DLC's,2018-09-15T00:00:00Z,"CODEX, sam2k8",False,Confirmed,,False,f12018,,2018-08-24T00:00:00Z,,737800,https://steampowered.com/app/737800
Strange Brigade,older_cracked_denuvo_games_(2014-2020),,fully_cracked,latest update is cracked with all the DLC's,2019-01-11T00:00:00Z,"CPY, PLAZA",False,Confirmed,,False,strangebrigade,,2018-08-28T00:00:00Z,,312670,https://steampowered.com/app/312670
Pro Evolution Soccer 2019,older_cracked_denuvo_games_(2014-2020),,missing_updates,"all DLC's are cracked, but the latest patch is uncracked",2018-11-25T00:00:00Z,CPY,False,Confirmed,,False,proevolutionsoccer2019,,2018-08-30T00:00:00Z,,,Unavailable
Dragon Quest XI,older_cracked_denuvo_games_(2014-2020),,missing_updates,"all DLC's are cracked, but the latest patch is uncracked",2018-09-17T00:00:00Z,CODEX,False,Confirmed,,False,dragonquestxi,,2018-09-04T00:00:00Z,,742120,https://steampowered.com/app/742120
Zone of the Enders The 2nd Runner,older_cracked_denuvo_games_(2014-2020),,fully_cracked,latest update is cracked with all the DLC's,2019-06-26T00:00:00Z,CODEX,False,Confirmed,,False,zoneoftheendersthe2ndrunner,,2018-09-04T00:00:00Z,,650510,https://steampowered.com/app/650510
New Gundam Breaker,older_cracked_denuvo_games_(2014-2020),,fully_cracked,latest update is cracked with all the DLC's,2019-06-26T00:00:00Z,CODEX,False,Confirmed,,False,newgundambreaker,,2018-09-24T00:00:00Z,,738530,https://steampowered.com/app/738530
Valkyria Chronicles 4,older_cracked_denuvo_games_(2014-2020),,fully_cracked,latest update is cracked with all the DLC's,2019-01-25T00:00:00Z,CODEX,False,Confirmed,,False,valkyriachronicles4,,2018-09-25T00:00:00Z,,790820,https://steampowered.com/app/790820
Life is Strange 2,older_cracked_denuvo_games_(2014-2020),,missing_updates,"all DLC's are cracked, but the latest patch is uncracked",2019-01-16T00:00:00Z,"CPY, EMPRESS",False,Confirmed,,False,lifeisstrange2,,2018-09-27T00:00:00Z,,532210,https://steampowered.com/app/532210
FIFA 19,older_cracked_denuvo_games_(2014-2020),,missing_updates,"all DLC's are cracked, but the latest patch is uncracked",2018-11-30T00:00:00Z,CPY,False,Confirmed,,False,fifa19,,2018-09-28T00:00:00Z,,,Unavailable
Assassin's Creed: Odyssey (HV),older_cracked_denuvo_games_(2014-2020),,missing_dlc,the latest DLC or multiple ones are uncracked,2018-11-10T00:00:00Z,"CPY, EMPRESS",False,Confirmed,Uplay/Ubisoft Connect,False,assassinscreedodysseyhv,,2018-10-05T00:00:00Z,,812140,https://steampowered.com/app/812140
The Quiet Man,older_cracked_denuvo_games_(2014-2020),,fully_cracked,latest update is cracked with all the DLC's,2020-06-07T00:00:00Z,CODEX,False,Confirmed,,False,thequietman,,2018-11-01T00:00:00Z,,790540,https://steampowered.com/app/790540
Football Manager 2019,older_cracked_denuvo_games_(2014-2020),,missing_updates,"all DLC's are cracked, but the latest patch is uncracked",2018-11-06T00:00:00Z,FCKDRM,False,Confirmed,,False,footballmanager2019,,2018-11-02T00:00:00Z,,872790,https://steampowered.com/app/872790
Battlefield V,older_cracked_denuvo_games_(2014-2020),,missing_updates,"all DLC's are cracked, but the latest patch is uncracked",2018-12-12T00:00:00Z,CPY,False,Confirmed,,False,battlefieldv,,2018-11-20T00:00:00Z,,1238810,https://store.steampowered.com/app/1238810
Tourist Bus Simulator,older_cracked_denuvo_games_(2014-2020),,fully_cracked,latest update is cracked with all the DLC's,2025-09-23T00:00:00Z,SKIDROW,False,Confirmed,,False,touristbussimulator,,2018-12-06T00:00:00Z,,953580,https://steampowered.com/app/953580
Far Cry New Dawn (HV),older_cracked_denuvo_games_(2014-2020),,missing_updates,"all DLC's are cracked, but the latest patch is uncracked",2019-02-22T00:00:00Z,CODEX,False,Confirmed,Uplay/Ubisoft Connect,False,farcrynewdawnhv,,2019-02-15T00:00:00Z,,939960,https://steampowered.com/app/939960
Trials Rising,older_cracked_denuvo_games_(2014-2020),,fully_cracked,latest update is cracked with all the DLC's,2025-10-13T00:00:00Z,RUNE,False,Confirmed,Uplay/Ubisoft Connect,False,trialsrising,,2019-02-26T00:00:00Z,,641080,https://steampowered.com/app/641080
Left Alive,older_cracked_denuvo_games_(2014-2020),,fully_cracked,latest update is cracked with all the DLC's,2021-05-21T00:00:00Z,EMPRESS,False,Confirmed,,False,leftalive,,2019-03-05T00:00:00Z,,714370,https://store.steampowered.com/app/714370
Anno 1800,older_cracked_denuvo_games_(2014-2020),,fully_cracked,latest update is cracked with all the DLC's,2021-01-05T00:00:00Z,"EMPRESS, voices38",False,Confirmed,Uplay/Ubisoft Connect,False,anno1800,,2019-04-16T00:00:00Z,,916440,https://store.steampowered.com/app/916440
Starlink: Battle for Atlas,older_cracked_denuvo_games_(2014-2020),,fully_cracked,latest update is cracked with all the DLC's,2025-10-18T00:00:00Z,voices38,False,Confirmed,Uplay/Ubisoft Connect,False,starlinkbattleforatlas,,2019-04-30T00:00:00Z,,950050,https://store.steampowered.com/app/950050
Team Sonic Racing,older_cracked_denuvo_games_(2014-2020),,fully_cracked,latest update is cracked with all the DLC's,2020-06-05T00:00:00Z,CODEX,False,Confirmed,,False,teamsonicracing,,2019-05-21T00:00:00Z,,785260,https://store.steampowered.com/app/785260
Sea of Solitude,older_cracked_denuvo_games_(2014-2020),,fully_cracked,latest update is cracked with all the DLC's,2019-09-14T00:00:00Z,CODEX,False,Confirmed,,False,seaofsolitude,,2019-07-05T00:00:00Z,,1225590,https://store.steampowered.com/app/1225590
Madden NFL 20,older_cracked_denuvo_games_(2014-2020),,missing_updates,"all DLC's are cracked, but the latest patch is uncracked",2019-08-28T00:00:00Z,CODEX,False,Confirmed,,False,maddennfl20,,2019-08-02T00:00:00Z,,,Unavailable
eFootball Pro Evolution Soccer 2020,older_cracked_denuvo_games_(2014-2020),,fully_cracked,latest update is cracked with all the DLC's,2025-10-28T00:00:00Z,voices38,False,Confirmed,,False,efootballproevolutionsoccer2020,,2019-09-10T00:00:00Z,,996470,https://store.steampowered.com/app/996470
FIFA 20,older_cracked_denuvo_games_(2014-2020),,fully_cracked,latest update is cracked with all the DLC's,2025-11-07T00:00:00Z,voices38,False,Confirmed,,False,fifa20,,2019-09-27T00:00:00Z,,,Unavailable
Planet Zoo (HV),older_cracked_denuvo_games_(2014-2020),,missing_dlc,the latest DLC or multiple ones are uncracked,2020-09-23T00:00:00Z,EMPRESS,False,Confirmed,,False,planetzoohv,,2019-11-05T00:00:00Z,,703080,https://store.steampowered.com/app/703080
Need for Speed Heat,older_cracked_denuvo_games_(2014-2020),,fully_cracked,latest update is cracked with all the DLC's,2019-12-27T00:00:00Z,"Leaked CODEX crack, voices38",False,Confirmed,,False,needforspeedheat,,2019-11-08T00:00:00Z,,1222680,https://store.steampowered.com/app/1222680
Football Manager 2020,older_cracked_denuvo_games_(2014-2020),,missing_updates,"all DLC's are cracked, but the latest patch is uncracked",2020-06-18T00:00:00Z,MKDEV,False,Confirmed,,False,footballmanager2020,,2019-11-19T00:00:00Z,,1100600,https://store.steampowered.com/app/1100600
Zombie Army 4: Dead War (HV),older_cracked_denuvo_games_(2014-2020),,missing_dlc,the latest DLC or multiple ones are uncracked,2020-12-11T00:00:00Z,EMPRESS,False,Confirmed,,False,zombiearmy4deadwarhv,,2020-02-04T00:00:00Z,,694280,https://store.steampowered.com/app/694280
Maneater,older_cracked_denuvo_games_(2014-2020),,fully_cracked,latest update is cracked with all the DLC's,2022-10-14T00:00:00Z,EMPRESS,False,Confirmed,,False,maneater,,2020-05-22T00:00:00Z,,629820,https://store.steampowered.com/agecheck/app/629820/
Persona 4 Golden (32 bit) (HV),older_cracked_denuvo_games_(2014-2020),,missing_updates,"all DLC's are cracked, but the latest patch is uncracked",2020-07-02T00:00:00Z,whiteee,False,Confirmed,,False,persona4golden32bithv,,2020-06-13T00:00:00Z,,1113000,https://store.steampowered.com/app/1113000
Total War Saga: Troy (HV),older_cracked_denuvo_games_(2014-2020),,missing_dlc,the latest DLC or multiple ones are uncracked,2020-10-14T00:00:00Z,CPY,False,Confirmed,,False,totalwarsagatroyhv,,2020-08-13T00:00:00Z,,1099410,https://store.steampowered.com/app/1099410
eFootball Pro Evolution Soccer 2021,older_cracked_denuvo_games_(2014-2020),,missing_updates,"all DLC's are cracked, but the latest patch is uncracked",2020-10-14T00:00:00Z,CPY,False,Confirmed,,False,efootballproevolutionsoccer2021,,2020-09-15T00:00:00Z,,1259970,https://store.steampowered.com/app/1259970
Star Wars: Squadrons,older_cracked_denuvo_games_(2014-2020),,fully_cracked,latest update is cracked with all the DLC's,2025-11-15T00:00:00Z,voices38,False,Confirmed,,False,starwarssquadrons,,2020-10-02T00:00:00Z,,1222730,https://store.steampowered.com/app/1222730
FIFA 21,older_cracked_denuvo_games_(2014-2020),,fully_cracked,latest update is cracked with all the DLC's,2025-11-27T00:00:00Z,voices38,False,Confirmed,,False,fifa21,,2020-10-09T00:00:00Z,,1313860,https://store.steampowered.com/app/1313860
Watch Dogs: Legion *DIRECTX12 ONLY,older_cracked_denuvo_games_(2014-2020),,fully_cracked,latest update is cracked with all the DLC's,2022-01-05T00:00:00Z,EMPRESS,False,Confirmed,Uplay/Ubisoft Connect,False,watchdogslegiondirectx12only,,2020-10-29T00:00:00Z,,2239550,https://store.steampowered.com/app/2239550
Need For Speed Hot Pursuit Remastered,older_cracked_denuvo_games_(2014-2020),,fully_cracked,latest update is cracked with all the DLC's,2025-11-18T00:00:00Z,voices38,False,Confirmed,,False,needforspeedhotpursuitremastered,,2020-11-06T00:00:00Z,,1328660,https://store.steampowered.com/app/1328660
Assassin's Creed: Valhalla (HV),older_cracked_denuvo_games_(2014-2020),,missing_updates,"all DLC's are cracked, but the latest patch is uncracked",2021-03-24T00:00:00Z,EMPRESS,False,Confirmed,Uplay/Ubisoft Connect,False,assassinscreedvalhallahv,,2020-11-10T00:00:00Z,,2208920,https://store.steampowered.com/app/2208920l
Football Manager 2021,older_cracked_denuvo_games_(2014-2020),,fully_cracked,latest update is cracked with all the DLC's,2021-08-05T00:00:00Z,MKDEV,False,Confirmed,,False,footballmanager2021,,2020-11-24T00:00:00Z,,1263850,https://store.steampowered.com/app/1263850
Immortals Fenyx Rising,older_cracked_denuvo_games_(2014-2020),,fully_cracked,latest update is cracked with all the DLC's,2021-02-21T00:00:00Z,"EMPRESS, CrateBlocker",False,Confirmed,Uplay/Ubisoft Connect,False,immortalsfenyxrising,,2020-12-03T00:00:00Z,,2221920,https://store.steampowered.com/app/2221920
Robinson: The Journey,older_cracked_denuvo_games_(2014-2020),,fully_cracked,latest update is cracked with all the DLC's,2020-02-19T00:00:00Z,c000005,False,Confirmed,,False,robinsonthejourney,,2017-02-07T00:00:00Z,,,
The Awesome Adventures of Captain Spirit,free_to_play_games_that_use_denuvo,,,,2019-01-16T00:00:00Z,CPY,False,Confirmed,,False,theawesomeadventuresofcaptainspirit,,2018-06-26T00:00:00Z,,,
eFootball,free_to_play_games_that_use_denuvo,,,,,,False,Confirmed,,False,efootball,,2021-09-30T00:00:00Z,,,
Rise of Eros,free_to_play_games_that_use_denuvo,,,,,,False,Confirmed,,False,riseoferos,,2023-07-17T00:00:00Z,,,
eBaseball: Pro Spirit,free_to_play_games_that_use_denuvo,,,,,,False,Confirmed,,False,ebaseballprospirit,,2026-03-05T00:00:00Z,,,
Need For Speed,uncracked_denuvo_games_that_are_online_only,,,,,,False,Confirmed,,False,needforspeed,,2016-03-15T00:00:00Z,,,
For Honor,uncracked_denuvo_games_that_are_online_only,,,,,,False,Confirmed,,False,forhonor,,2017-02-13T00:00:00Z,,,
Anthem,uncracked_denuvo_games_that_are_online_only,,,,,,False,Confirmed,,False,anthem,,2019-02-22T00:00:00Z,,,
Ghost Recon Breakpoint,uncracked_denuvo_games_that_are_online_only,,,,,,False,Confirmed,,False,ghostreconbreakpoint,,2019-10-04T00:00:00Z,,,
Battlefield 2042,uncracked_denuvo_games_that_are_online_only,,,,,,False,Confirmed,,False,battlefield2042,,2021-11-19T00:00:00Z,,,
Rainbow Six Extraction,uncracked_denuvo_games_that_are_online_only,,,,,,False,Confirmed,,False,rainbowsixextraction,,2022-01-20T00:00:00Z,,,
Skull and Bones,uncracked_denuvo_games_that_are_online_only,,,,,,False,Confirmed,,False,skullandbones,,2024-02-16T00:00:00Z,,,
OddBallers,uncracked_denuvo_games_that_are_online_only,,,,,,False,Confirmed,,False,oddballers,,2024-08-15T00:00:00Z,,,
Harry Potter: Quidditch Champions,uncracked_denuvo_games_that_are_online_only,,,,,,False,Confirmed,,False,harrypotterquidditchchampions,,2024-09-03T00:00:00Z,,,
EA Sports Madden NFL 27,upcoming_denuvo_games,,,,,,False,Confirmed,,False,easportsmaddennfl27,2026-08-13T00:00:00Z,,,,
Star Wars Zero Company,upcoming_denuvo_games,,,,,,True,Assumption,,False,starwarszerocompany,2026-08-27T00:00:00Z,,,,
Onimusha - Way of the Sword,upcoming_denuvo_games,,,,,,False,Confirmed,,False,onimushawayofthesword,2026-09-04T00:00:00Z,,,,
EA FC 27,upcoming_denuvo_games,,,,,,False,Confirmed,,False,eafc27,2026-09-27T00:00:00Z,,,,
Rayman Legends Retold,upcoming_denuvo_games,,,,,,False,Confirmed,,False,raymanlegendsretold,2026-10-01T00:00:00Z,,,,
Star Wars: Galactic Racer,upcoming_denuvo_games,,,,,,False,Confirmed,,False,starwarsgalacticracer,2026-10-06T00:00:00Z,,,,
Planet Zoo 2,upcoming_denuvo_games,,,,,,False,Confirmed,,False,planetzoo2,2026-10-13T00:00:00Z,,,,
Final Fantasy Resonance,upcoming_denuvo_games,,,,,,False,Confirmed,,False,finalfantasyresonance,2026-10-22T00:00:00Z,,,,
Phantom Blade Zero,upcoming_denuvo_games,,,,,,False,Confirmed,,False,phantombladezero,2026-10-29T00:00:00Z,,,,
Dragon Quest Monsters - The Withered World,upcoming_denuvo_games,,,,,,False,Confirmed,,False,dragonquestmonstersthewitheredworld,2026-12-03T00:00:00Z,,,,
Stranger Than Heaven,upcoming_denuvo_games,,,,,,False,Confirmed,,False,strangerthanheaven,2027-01-15T00:00:00Z,,,,
Tomb Raider Legacy of Atlantis,upcoming_denuvo_games,,,,,,False,Confirmed,,False,tombraiderlegacyofatlantis,2027-02-12T00:00:00Z,,,,
Persona 4 Revival,upcoming_denuvo_games,,,,,,False,Confirmed,,False,persona4revival,2027-02-18T00:00:00Z,,,,
Resident Evil Veronica,upcoming_denuvo_games,,,,,,False,Confirmed,,False,residentevilveronica,TBA 2027,,,,
Crazy Taxi World Tour,upcoming_denuvo_games,,,,,,False,Confirmed,,False,crazytaxiworldtour,TBA 2027,,,,
Virtua Fighter Crossroads,upcoming_denuvo_games,,,,,,True,Assumption,,False,virtuafightercrossroads,TBA 2027,,,,
Mega Man Dual Override,upcoming_denuvo_games,,,,,,True,Assumption,,False,megamandualoverride,TBA 2027,,,,
Alien Isolation 2,upcoming_denuvo_games,,,,,,True,Assumption,,False,alienisolation2,TBA 2027,,,,
Alien Deathstorm,upcoming_denuvo_games,,,,,,True,Assumption,,False,aliendeathstorm,TBA,,,,
Total War Warhammer 40K,upcoming_denuvo_games,,,,,,True,Assumption,,False,totalwarwarhammer40k,TBA,,,,
Persona 6,upcoming_denuvo_games,,,,,,False,Confirmed,,False,persona6,TBA,,,,
Stellar Blade Blood Rain,upcoming_denuvo_games,,,,,,True,Assumption,,False,stellarbladebloodrain,TBA,,,,
"Warhammer 40,000: Chaos Gate – Deathwatch",upcoming_denuvo_games,,,,,,False,Confirmed,,False,warhammer40000chaosgatedeathwatch,TBA,,,,
Atomic Heart 2,upcoming_denuvo_games,,,,,,True,Assumption,,False,atomicheart2,TBA,,,,
Fortifyte,upcoming_denuvo_games,,,,,,False,Confirmed,,False,fortifyte,TBA,,,,
Operation Lovecraft: Fallen Doll,upcoming_denuvo_games,,,,,,False,Confirmed,,False,operationlovecraftfallendoll,TBA,,,,
Judas,upcoming_denuvo_games,,,,,,True,Assumption,,False,judas,TBA,,,,
Beyond Good & Evil 2,upcoming_denuvo_games,,,,,,False,Confirmed,,False,beyondgoodevil2,TBA,,,,
Wolfenstein 3,upcoming_denuvo_games,,,,,,True,Assumption,,False,wolfenstein3,TBA,,,,
